Obstacles,Scenarios,Collisions,Collision Rate
61389,112,21,0.187500
14719,41,7,0.170732
14719,41,7,0.170732
28720,80,22,0.275000
21540,60,9,0.150000
19912,76,26,0.342105
19126,73,21,0.287671

