Obstacles,Scenarios,Collisions,Collision Rate
613890,112,21,0.187500
147190,41,7,0.170732
147190,41,7,0.170732
287200,80,22,0.275000
215400,60,9,0.150000
