{
    "id": 1,
    "position": [-1831.3315353987955, -2931.6676312505733, 0.0],
    "theta": 1.1659045405098132,
    "length": 4,
    "width": 2,
    "height": 1,
    "speed": 0.0,
    "tracking_time": 1.0,
    "type": "UNKNOWN_UNMOVABLE"
}
