{
    "id": 1,
    "position": [586347.42124613957, 4140710.9270518012, 0.0],
    "theta": 1.1659045405098132,
    "length": 4,
    "width": 2,
    "height": 1,
    "speed": 0.0,
    "tracking_time": 1.0,
    "type": "UNKNOWN_UNMOVABLE"
}
