{
    "id": 3,
    "position": [-1839.8758763501198, -3023.9038447942585, 0.0],
    "theta": 1.1659045405098132,
    "length": 4,
    "width": 2,
    "height": 1,
    "speed": 8.0,
    "tracking_time": 1.0,
    "type": "VEHICLE",
    "trace": [
        [-1826.4050789145094, -3027.5187874953263, 0.0],
        [-1828.2119038364126, -3027.0295286914334, 0.0],
        [-1828.824932712294, -3026.8830874727573, 0.0],
        [-1831.3672173229795, -3026.1544422989246, 0.0],
        [-1832.2140727812268, -3025.9228463596664, 0.0],
        [-1835.3160962382117, -3025.1077339628246, 0.0],
        [-1836.4984060355835, -3024.8146436158568, 0.0],
        [-1839.8758763501198, -3023.9038447942585, 0.0],
        [-1840.8158147984295, -3023.6723670759238, 0.0],
        [-1843.9047705891605, -3022.8447795032989, 0.0],
        [-1844.8643543472845, -3022.6067022150382, 0.0],
        [-1848.4339122407155, -3021.6953069332521, 0.0],
        [-1851.9544284282638, -3020.7064228530508, 0.0],
        [-1854.5680517357384, -3019.781975197373, 0.0],
        [-1857.0643665085122, -3018.6166908852756, 0.0],
        [-1858.0358274141022, -3017.942346209893, 0.0],
        [-1859.5633063323421, -3016.5125157919247, 0.0],
        [-1860.4786495396347, -3014.9502737908624, 0.0],
        [-1861.1153954486008, -3013.1995797432028, 0.0],
        [-1861.4426277776743, -3011.1853456494864, 0.0],
        [-1861.6162348626976, -3010.0649927724153, 0.0],
        [-1861.5259723866757, -3008.017099060351, 0.0],
        [-1861.2885463357527, -3005.8765853904188, 0.0],
        [-1860.7726391866024, -3003.3840399852488, 0.0],
        [-1860.48981629632, -3001.9591838696506, 0.0],
        [-1859.8034483309216, -2999.3618517203722, 0.0],
        [-1859.1436255632018, -2997.0042346278206, 0.0],
        [-1858.4296663434291, -2994.2847435057629, 0.0],
        [-1857.9884978667164, -2992.639135155594, 0.0],
        [-1857.5449620603881, -2990.7526464578696, 0.0],
        [-1857.0198039074951, -2988.9430668421555, 0.0],
        [-1856.6351527597053, -2987.4859060221352, 0.0],
        [-1855.80319659552, -2984.5574726751074, 0.0],
        [-1855.3909042106625, -2983.0182044371031, 0.0],
        [-1854.9993368459254, -2981.4607209467795, 0.0],
        [-1854.5317494679173, -2979.8557404009625, 0.0],
        [-1854.1577921991686, -2978.3803581851535, 0.0],
        [-1853.2589024203576, -2975.1402389546856, 0.0],
        [-1852.4893371301737, -2972.2930292251986, 0.0],
        [-1851.671971190088, -2969.3565496096853, 0.0],
        [-1851.3900064850695, -2968.2300687150564, 0.0],
        [-1850.5639178150382, -2965.3979984957259, 0.0],
        [-1850.1990236042234, -2964.1140617616475, 0.0],
        [-1849.4266470296798, -2961.3865961076226, 0.0],
        [-1848.5528925938856, -2958.1017430291977, 0.0],
        [-1847.6391665255305, -2954.9843453390058, 0.0],
        [-1846.6074450124361, -2951.2730882111937, 0.0],
        [-1845.502624316664, -2947.3020925428718, 0.0],
        [-1844.99975971916, -2945.5227595425677, 0.0],
        [-1844.3213078672902, -2943.1386212711222, 0.0],
        [-1843.8944454086227, -2941.7805663216859, 0.0],
        [-1842.8978546289891, -2939.2168755833991, 0.0],
        [-1841.7366111289298, -2937.0929836442228, 0.0],
        [-1840.9723940304716, -2935.9855292160064, 0.0],
        [-1839.3514585994126, -2934.0309308317956, 0.0],
        [-1837.7574369385234, -2932.8751353870612, 0.0],
        [-1835.5306516163619, -2931.8550534592941, 0.0],
        [-1833.3642815621663, -2931.5177768338472, 0.0],
        [-1831.3315353987955, -2931.6676312505733, 0.0],
        [-1829.440412169944, -2932.0348720075563, 0.0],
        [-1827.0454279230214, -2932.6034577812534, 0.0],
        [-1823.2488543553213, -2933.7800032529049, 0.0],
        [-1822.24146021045, -2934.101050617639, 0.0],
        [-1818.5989120197153, -2935.1955252159387, 0.0],
        [-1815.3971111955771, -2936.1431616228074, 0.0],
        [-1814.4332960859178, -2936.4146084345412, 0.0],
        [-1811.3419402276775, -2937.3545749380719, 0.0],
        [-1808.5640857629, -2938.1635553750675, 0.0],
        [-1807.246769460208, -2938.564332421869, 0.0],
        [-1803.9230941939668, -2939.3498818504158, 0.0],
        [-1801.0748817621438, -2939.9650308729615, 0.0],
        [-1798.5646306035396, -2940.511501123663, 0.0],
        [-1797.4839788010677, -2940.7931283712387, 0.0],
        [-1795.1076924609288, -2941.2245849615429, 0.0]
        ]
}
