{
    "id": 3,
    "position": [586376.36731545243, 4140677.2173802247, 0.0],
    "theta": 1.1659045405098132,
    "length": 4,
    "width": 2,
    "height": 1,
    "speed": 8.0,
    "tracking_time": 1.0,
    "type": "VEHICLE",
    "trace": [
        [586392.84003, 4140673.01232, 0.0],
        [586391.48345350777, 4140673.3586190776, 0.0],
        [586389.93308037391, 4140673.7543894518, 0.0],
        [586388.38270724006, 4140674.1501598256, 0.0],
        [586386.83233410609, 4140674.5459302, 0.0],
        [586385.28196097224, 4140674.941700574, 0.0],
        [586383.92538448, 4140675.2879996509, 0.0],
        [586382.37501134619, 4140675.6837700251, 0.0],
        [586380.82463821233, 4140676.0795403994, 0.0],
        [586379.27426507848, 4140676.4753107731, 0.0],
        [586377.72389194451, 4140676.8710811473, 0.0],
        [586376.36731545243, 4140677.2173802247, 0.0],
        [586374.81694231846, 4140677.6131505985, 0.0],
        [586373.26656918461, 4140678.0089209727, 0.0],
        [586371.71619605075, 4140678.4046913465, 0.0],
        [586370.1658229169, 4140678.8004617207, 0.0],
        [586368.8092464247, 4140679.1467607981, 0.0],
        [586367.25887329085, 4140679.5425311718, 0.0],
        [586365.708500157, 4140679.938301546, 0.0],
        [586364.158127023, 4140680.3340719203, 0.0],
        [586362.60775388917, 4140680.729842294, 0.0],
        [586361.05738075532, 4140681.1256126682, 0.0],
        [586359.70080426312, 4140681.4719117456, 0.0],
        [586358.15043112927, 4140681.8676821194, 0.0],
        [586356.60005799541, 4140682.2634524936, 0.0],
        [586355.04968486144, 4140682.6592228673, 0.0],
        [586353.49931172759, 4140683.0549932416, 0.0],
        [586352.14273523539, 4140683.4012923189, 0.0],
        [586350.59236210154, 4140683.7970626927, 0.0],
        [586349.04198896769, 4140684.1928330669, 0.0],
        [586347.569402928, 4140684.6569425897, 0.0],
        [586346.34040037962, 4140685.3234600914, 0.0],
        [586345.30744645279, 4140686.0166505864, 0.0],
        [586344.29222947382, 4140686.9242762327, 0.0],
        [586343.56665382232, 4140688.0126865744, 0.0],
        [586342.949612425, 4140689.1510837893, 0.0],
        [586342.55869757663, 4140690.3676857753, 0.0],
        [586342.55462259543, 4140691.4767941991, 0.0],
        [586342.6637494904, 4140692.8428249569, 0.0],
        [586342.99203702353, 4140694.4008130711, 0.0],
        [586343.35804034967, 4140695.9494921896, 0.0],
        [586343.75255533273, 4140697.4911341346, 0.0],
        [586344.16637783637, 4140699.0280107288, 0.0],
        [586344.537075054, 4140700.3706546258, 0.0],
        [586344.962295973, 4140701.904718264, 0.0],
        [586345.38318794768, 4140703.4398507774, 0.0],
        [586345.80090989673, 4140704.9757669368, 0.0],
        [586346.21787014115, 4140706.5118733062, 0.0],
        [586346.58354364219, 4140707.8557630088, 0.0],
        [586347.00225746073, 4140709.3914409908, 0.0],
        [586347.42124613957, 4140710.9270518012, 0.0],
        [586347.83999702206, 4140712.4627208482, 0.0],
        [586348.25850161957, 4140713.9984501684, 0.0],
        [586348.62461901968, 4140715.3422314571, 0.0],
        [586349.04308792681, 4140716.8779694913, 0.0],
        [586349.4616301487, 4140718.4136895789, 0.0],
        [586349.88020279026, 4140719.9494022224, 0.0],
        [586350.2987647875, 4140721.4851174741, 0.0],
        [586350.66498962464, 4140722.8288724585, 0.0],
        [586351.08352311642, 4140724.3645946868, 0.0],
        [586351.502057768, 4140725.9003166305, 0.0],
        [586351.92059813277, 4140727.4360371758, 0.0],
        [586352.33914143045, 4140728.9717570036, 0.0],
        [586352.75768457341, 4140730.507476869, 0.0],
        [586353.12390853534, 4140731.8512320668, 0.0],
        [586353.54244935873, 4140733.3869525003, 0.0],
        [586353.96099008131, 4140734.9226729581, 0.0],
        [586354.37953121448, 4140736.4583933158, 0.0],
        [586354.798072612, 4140737.9941136083, 0.0],
        [586355.16429637477, 4140739.3378688549, 0.0],
        [586355.582837717, 4140740.8735891613, 0.0],
        [586356.00137897744, 4140742.4093094873, 0.0],
        [586356.41992021643, 4140743.9450298189, 0.0],
        [586356.8384614815, 4140745.4807501445, 0.0],
        [586357.20468510769, 4140746.8245054241, 0.0],
        [586357.62322640244, 4140748.3602257422, 0.0],
        [586358.04176769149, 4140749.8959460612, 0.0],
        [586358.46030897368, 4140751.4316663826, 0.0],
        [586358.8788502533, 4140752.9673867039, 0.0],
        [586359.245073874, 4140754.3111419855, 0.0],
        [586359.66361515666, 4140755.8468623064, 0.0],
        [586360.08215644024, 4140757.3825826268, 0.0],
        [586360.50069772359, 4140758.9183029477, 0.0],
        [586360.91923900647, 4140760.4540232685, 0.0],
        [586361.337780289, 4140761.9897435894, 0.0],
        [586361.70400391135, 4140763.33349887, 0.0],
        [586362.122545194, 4140764.8692191909, 0.0],
        [586362.54108647688, 4140766.4049395118, 0.0],
        [586362.95962775976, 4140767.9406598327, 0.0],
        [586363.37816904252, 4140769.4763801536, 0.0],
        [586363.74439266487, 4140770.8201354346, 0.0],
        [586364.16293394763, 4140772.3558557555, 0.0],
        [586364.5814752304, 4140773.8915760764, 0.0],
        [586365.00001651316, 4140775.4272963973, 0.0],
        [586365.418557796, 4140776.9630167182, 0.0],
        [586365.78478141839, 4140778.3067719988, 0.0],
        [586366.20332270127, 4140779.8424923196, 0.0],
        [586366.621863984, 4140781.3782126405, 0.0],
        [586367.0404052668, 4140782.9139329614, 0.0],
        [586367.45894654957, 4140784.4496532823, 0.0]
        ]
}
